,IG rank,Information gain,Tree importance rank,Tree importance
odor,1,0.9027904257663248,1,0.6641980789031252
spore-print-color,2,0.4848880506355414,4,0.03693478111747121
gill-color,3,0.41500048214060314,15,0.0
ring-type,4,0.31687488640902395,15,0.0
stalk-surface-above-ring,5,0.28849626394617933,15,0.0
stalk-surface-below-ring,6,0.27255525163570204,3,0.0992335882581407
stalk-color-above-ring,7,0.2539498134849235,15,0.0
stalk-color-below-ring,8,0.24413603046190546,15,0.0
gill-size,9,0.22426547829944565,6,0.005638049815938244
population,10,0.20228794111820803,5,0.016572935789399657
bruises,11,0.1879038276366093,15,0.0
habitat,12,0.15115781901663627,15,0.0
stalk-root,13,0.13339504107797884,2,0.17479764000912593
gill-spacing,14,0.10202067532550763,15,0.0
cap-shape,15,0.046162132726223715,8,0.0006570011492878187
ring-number,16,0.037060656669393066,15,0.0
cap-color,17,0.034155991719133416,15,0.0
cap-surface,18,0.026416680882797583,7,0.0019679249575112693
veil-color,19,0.023971656475934466,15,0.0
gill-attachment,20,0.01465476940500432,15,0.0
stalk-shape,21,0.008381620077169472,15,0.0
veil-type,22,0.0,15,0.0
